id,title,category,scenario,script,tip,source_url
1,Icebreaker สุภาพ,เปิดบทสนทนา,ใช้เปิดคุยกับลูกค้า/คนไม่รู้จัก,"สวัสดีครับ/ค่ะ ผมชื่อ… จาก… พอจะมีเวลาสัก 2 นาทีไหมครับ อยากเล่าไอเดียสั้นๆ ให้ฟัง","พูดสั้น ชัด ยิ้มก่อน",
2,ชมก่อนเข้าสาระ,เปิดบทสนทนา,ใช้ตอนเข้าหาหัวหน้า/ลูกค้า,"ก่อนอื่นต้องบอกเลยว่าผลงานรอบนี้ดีมากครับ เลยอยากขอเสนอต่ออีกนิด","ชมให้ตรงจุด ไม่เว่อร์",
3,ตั้งกรอบเวลาชัด,เปิดบทสนทนา,ใช้ตอนอีกฝ่ายยุ่ง,"ผมจะใช้เวลาไม่เกิน 5 นาที เล่าให้เห็นภาพก่อนครับ","บอกเวลาทำให้อีกฝ่ายยอมฟังง่าย",
4,เชื่อมโยงเรื่องเดิม,เปิดบทสนทนา,ใช้ตอน follow up ครั้งที่ 2,"ครั้งก่อนที่เราคุยกันเรื่อง… วันนี้ผมมีตัวอย่างเพิ่มมาให้ดูครับ","อ้างอิงเรื่องเก่าลดความเกร็ง",
5,ถามปลายเปิดเบาๆ,เปิดบทสนทนา,ใช้ตอนเริ่มประชุม,"วันนี้ทุกคนเป็นยังไงกันบ้างครับ อยากฟังสั้นๆ คนละนิด","คำถามปลายเปิดทำให้ห้องไม่เงียบ",
6,ยืนยันจุดประสงค์,เปิดบทสนทนา,ใช้ตอนเริ่มคอล,"วันนี้ตั้งใจมาอัปเดตความคืบหน้ากับขออนุมัติ 1 เรื่องครับ","พูดให้รู้ว่าจะคุยเรื่องอะไร",
7,เปิดด้วยปัญหาเดียวกัน,เปิดบทสนทนา,ใช้กับเพื่อนร่วมงาน,"ช่วงนี้หลายทีมติดเรื่อง timeline เหมือนกัน ผมเลยอยากมาชวนคุยทางออก","แสดงว่าเราอยู่ฝั่งเดียวกัน",
8,ตัวเลือก 2 ทาง,เปิดบทสนทนา,ใช้ตอนนัดเวลา,"สะดวกพรุ่งนี้บ่าย หรือมะรืนเช้าดีกว่าครับ","ให้เลือก 2 ตัวช่วยตัดสินใจเร็ว",
9,เอ่ยชื่ออีกฝ่าย,เปิดบทสนทนา,ใช้ทุกสถานการณ์,"พี่เอกครับ ผมมีอัปเดตสั้นๆ เรื่องโปรเจกต์ครับ","เรียกชื่อทำให้รู้สึกเป็นส่วนตัว",
10,ทวนโจทย์ก่อนพูด,เปิดบทสนทนา,ใช้ตอนเข้าหาประชุม,"เพื่อให้ตรงกัน ผมเข้าใจว่าเรามาคุยเรื่อง… ใช่ไหมครับ","ทวนโจทย์กันก่อนลดหลงทาง",
11,โครงสร้าง 3 ส่วน,นำเสนอ/ปิดการขาย,ใช้ตอนพรีเซนต์,"ผมจะเล่า 3 ส่วนครับ คือปัญหา วิธีแก้ และผลลัพธ์ที่ได้","แจ้งโครงสร้างก่อน คนฟังตามง่าย",
12,เริ่มจากปัญหาที่เจอจริง,นำเสนอ/ปิดการขาย,ใช้ตอนขายของ,"ตอนนี้หลายบริษัทเจอปัญหา… ซึ่งเรามีวิธีลดเรื่องนี้ได้","ดึงความเจ็บปวดขึ้นมาก่อนแล้วค่อยขาย",
13,เปรียบเทียบก่อน-หลัง,นำเสนอ/ปิดการขาย,ใช้ตอนขายระบบ,"ถ้ายังทำแบบเดิมใช้เวลา 3 วัน แต่ถ้าใช้ตัวนี้เหลือแค่ครึ่งวัน","ทำให้เห็นความต่างชัด",
14,เล่าจากเคสลูกค้าจริง,นำเสนอ/ปิดการขาย,ใช้ตอนพรีเซนต์ลูกค้าใหม่,"ลูกค้ากลุ่มอสังหาฯ ที่ใช้เราอยู่ เขาลดต้นทุนไปได้…","เคสจริงน่าเชื่อถือกว่า",
15,ย้ำผลลัพธ์เป็นตัวเลข,นำเสนอ/ปิดการขาย,ใช้ทุกงานขาย,"สรุปคือช่วยลดเวลาได้ประมาณ 40% ในเดือนแรก","ตัวเลขทำให้จับต้องได้",
16,ใช้ภาษาง่ายไม่เทคนิค,นำเสนอ/ปิดการขาย,ใช้กับผู้บริหาร,"พูดง่ายๆ มันคือระบบช่วยให้ทีมทำงานซ้ำๆ ไวขึ้นครับ","อย่าใช้ศัพท์ยากถ้าไม่จำเป็น",
17,ให้ดูเดโมสั้นๆ,นำเสนอ/ปิดการขาย,ใช้ตอนคุยออนไลน์,"ผมกดให้ดูเลยนะครับ แค่คลิกตรงนี้ก็…","เห็นภาพจริงตัดสินใจง่าย",
18,ถามย้ำความต้องการ,นำเสนอ/ปิดการขาย,หลังเล่าจบ,"จากที่เล่าไป ตรงกับสิ่งที่พี่มองหาอยู่ไหมครับ","ถามกลับจะได้รู้ว่าต้องเสริมอะไร",
19,เสนอแพ็กเกจทีละชั้น,นำเสนอ/ปิดการขาย,ใช้ตอนมีหลายราคา,"ตัวพื้นฐานเริ่มที่… ถ้าอยากได้รายงานเพิ่มจะเป็นแพ็กนี้ครับ","ไล่จากต่ำไปสูงคนรับได้ง่าย",
20,ปิดด้วยประโยคชวนตัดสินใจ,นำเสนอ/ปิดการขาย,ท้ายพรีเซนต์,"ถ้าโอเค เดี๋ยวผมส่งใบเสนอราคาให้วันนี้เลยนะครับ","อย่าปล่อยให้จบแบบลอยๆ",
21,ติดตามแบบช่วยเหลือ,ติดตามงาน,ใช้หลังส่งใบเสนอราคา,"เมื่อวานผมส่งใบเสนอราคาไป ไม่แน่ใจว่าพี่มีจุดไหนอยากให้ผมปรับเพิ่มไหมครับ","โทนช่วยแก้ ไม่ใช่ทวง",
22,ระบุเวลาอ้างอิง,ติดตามงาน,ใช้หลังประชุม,"ตามที่คุยกันเมื่อวันจันทร์ ผมขอตามเรื่อง…","ทำให้อีกฝ่ายนึกออก",
23,ให้ทางเลือกถัดไป,ติดตามงาน,ใช้ตอนยังไม่ได้คำตอบ,"ถ้ารอบนี้ยังไม่สะดวก เรานัดอัปเดตสั้นๆ อาทิตย์หน้าก็ได้ครับ","เปิดทางให้อีกฝ่าย",
24,ถามสาเหตุนุ่มนวล,ติดตามงาน,ใช้ตอนเงียบ,"ไม่ทราบว่าติดตรงไหนให้ผมช่วยอธิบายเพิ่มได้ไหมครับ","ถามสาเหตุแบบไม่กดดัน",
25,ส่งสรุปให้ก่อน,ติดตามงาน,ใช้กับหัวหน้า,"ผมสรุป 3 ประเด็นไว้แล้ว เดี๋ยวส่งให้ดูในอีเมลครับ","ให้เขาเห็นว่าเราทำไว้แล้ว",
26,ย้ำประโยชน์ที่เขาจะได้,ติดตามงาน,ใช้กับลูกค้า,"ถ้าอนุมัติรอบนี้ ทีมพี่จะเริ่มใช้ได้ภายในสัปดาห์นี้เลยครับ","ย้ำสิ่งที่เขาได้ ไม่ใช่สิ่งที่เราต้องการ",
27,ใช้โทนขอบคุณ,ติดตามงาน,ใช้ตอนแจ้งซ้ำ,"ขอบคุณมากที่สละเวลาครับ ผมเลยขอแจ้งอีกครั้งเรื่อง…","โทนสุภาพทำให้ตามซ้ำได้",
28,ขอช่องทางที่สะดวกกว่า,ติดตามงาน,ใช้ตอนอีกฝ่ายไม่ตอบ,"พี่สะดวกไลน์หรือโทรมากกว่าครับ จะได้อธิบายง่ายๆ","ลดแรงเสียดทานในการคุย",
29,ย้ำเดดไลน์นุ่มๆ,ติดตามงาน,ใช้ใกล้กำหนด,"เพื่อให้ทันส่งวันศุกร์ ผมขอคอนเฟิร์มวันนี้ได้ไหมครับ","บอกเหตุผลของเดดไลน์",
30,ขออนุมัติทีละขั้น,ติดตามงาน,ใช้กับองค์กรใหญ่,"งั้นรอบแรกขออนุมัติใช้งานทีมเล็กก่อน แล้วค่อยขยายครับ","ทำให้เรื่องไม่ใหญ่เกินไป",
31,รับข้อโต้แย้งก่อนตอบ,ตอบข้อโต้แย้ง/แก้ปัญหา,ใช้กับลูกค้าที่ไม่พอใจ,"เข้าใจเลยครับว่าจุดนี้ทำให้ไม่สะดวก ผมขออธิบายทางแก้ให้ฟังก่อนนะครับ","รับความรู้สึกก่อน",
32,แยกประเด็นให้ชัด,ตอบข้อโต้แย้ง/แก้ปัญหา,ใช้ตอนโดนหลายคำถาม,"เดี๋ยวผมตอบทีละประเด็นนะครับ เรื่องราคา กับเรื่องระยะเวลาก่อน","จัดลำดับให้เขาฟังง่าย",
33,เปลี่ยนจากเถียงเป็นอธิบาย,ตอบข้อโต้แย้ง/แก้ปัญหา,ใช้ตอนเขาเข้าใจผิด,"ส่วนที่เข้าใจว่า… จริงๆ ระบบเราทำได้ครับ แต่ต้องเปิดสิทธิ์เพิ่ม","หลีกเลี่ยงการเถียงตรงๆ",
34,ใช้ข้อมูลจริงสนับสนุน,ตอบข้อโต้แย้ง/แก้ปัญหา,ใช้ตอนถูกถามราคา,"ตอนนี้ลูกค้า 3 เจ้าในอุตสาหกรรมเดียวกันใช้แพ็กนี้ครับ เพราะคุ้มสุด","อ้างอิงทำให้น่าเชื่อถือ",
35,เสนอทางเลือกต้นทุนต่ำ,ตอบข้อโต้แย้ง/แก้ปัญหา,ใช้เมื่อเขาบอกว่าแพง,"ถ้างบยังไม่ถึง อาจเริ่มจากเวอร์ชันนี้ก่อนแล้วค่อยอัปเกรดได้ครับ","ให้ทางลงที่ยังซื้อได้",
36,ยอมรับข้อจำกัดตรงๆ,ตอบข้อโต้แย้ง/แก้ปัญหา,ใช้ตอนฟีเจอร์ยังไม่มี,"ตอนนี้ยังไม่มีฟังก์ชันนั้นครับ แต่เรามีวิธีชดเชยแบบนี้…","ความซื่อสัตย์ทำให้ไว้ใจ",
37,ย้ำเป้าหมายร่วม,ตอบข้อโต้แย้ง/แก้ปัญหา,ใช้กับเพื่อนร่วมทีม,"สุดท้ายเราต้องการให้งานนี้ออกวันศุกร์เหมือนกัน ผมเลยเสนอวิธีนี้","ดึงให้อยู่ทีมเดียวกัน",
38,ขอเวลาตรวจสอบ,ตอบข้อโต้แย้ง/แก้ปัญหา,ใช้ตอนตอบไม่ได้เลย,"ขอเวลาผมเช็กข้อมูลให้ชัวร์แล้วจะกลับมาภายในบ่ายนี้ครับ","ดีกว่าตอบผิดๆ",
39,สรุปสิ่งที่อีกฝ่ายกังวล,ตอบข้อโต้แย้ง/แก้ปัญหา,ใช้ตอนเขาพูดเยอะ,"สรุปคือกังวลเรื่องราคา กับการเทรนใช่ไหมครับ","ทำให้เขารู้ว่าเราฟังอยู่",
40,ปิดด้วยแอ็กชันเล็กๆ,ตอบข้อโต้แย้ง/แก้ปัญหา,ใช้ตอนคลี่คลายแล้ว,"งั้นผมส่งวิธีใช้งานให้ก่อน แล้วพี่ลองดู ถ้าติดตรงไหนค่อยคุยกันอีกทีครับ","ให้จบด้วยการลงมือทำ",
41,Pitch 30 วิ,นำเสนอ/ปิดการขาย,ใช้ตอนต้องพูดสั้นมาก,"เราทำแพลตฟอร์มที่ช่วยให้ทีมขายปิดดีลเร็วขึ้น 30-40% โดยไม่ต้องเพิ่มคนครับ","เตรียมไว้พูดได้ทันที",
42,Story สั้น 1 ตอน,นำเสนอ/ปิดการขาย,ใช้ตอนคุยตัวต่อตัว,"มีลูกค้าคนนึงที่เจอปัญหาแบบเดียวกับพี่เลย เขาทำแบบนี้แล้วดีขึ้น…","เรื่องเล่าจำง่าย",
43,ขอ Feedback ทันที,ติดตามงาน,ใช้ตอนส่งตัวอย่าง,"ตัวอย่างแบบนี้พอได้ไหมครับ จะได้ปรับให้ตรงเลย","ถาม early ทำให้ไม่หลงทาง",
44,ขอพูดต่อได้ไหม,เปิดบทสนทนา,ใช้ตอนอีกฝ่ายดูยุ่ง,"ผมขอเวลาอีกแป๊บได้นะครับ ประเด็นนี้สำคัญจริงๆ","ขออนุญาตก่อนจะพูดต่อ",
45,พูดแทนทีม,ตอบข้อโต้แย้ง/แก้ปัญหา,ใช้ตอนโดนตำหนิทีม,"ในส่วนนี้ผมขอรับไว้ก่อน แล้วผมจะกลับไปเคลียร์กับทีมให้ครับ","รับเรื่องแทนลดแรงปะทะ",
46,เน้นคำหลัก,นำเสนอ/ปิดการขาย,ใช้ตอนพูดบนเวที,"คำสำคัญวันนี้มี 3 คำครับ …","ช่วยให้คนจดจำ",
47,ปิดประชุมสั้นๆ,ติดตามงาน,ใช้ตอนประชุมจบ,"วันนี้ได้ 3 เรื่องคือ… เดี๋ยวผมส่งสรุปให้ก่อนเย็นนี้ครับ","ปิดประชุมอย่างมืออาชีพ",
48,ใช้เสียงขึ้นลง,เทคนิคทั่วไป,ใช้ทุกสถานการณ์,"(อ่านตามสคริปต์เดิมแต่เน้นปลายประโยคขึ้น-ลง)","ไม่ให้เสียงเรียบ",
49,พูดช้าลงเวลาเน้น,เทคนิคทั่วไป,ใช้ทุกสถานการณ์,"สิ่งที่ ‘สำคัญมากๆ’ สำหรับวันนี้คือ…","ช้าลงคนจะตั้งใจฟัง",
50,ทวนคำถามก่อนตอบ,ตอบข้อโต้แย้ง/แก้ปัญหา,ใช้ตอนโดนถามยาก,"คำถามคือถ้าใช้งานหลายสาขาจะคิดราคาอย่างไรใช่ไหมครับ…","ทวนแล้วตอบลดผิดประเด็น",
51,ใช้ชื่อองค์กรเขา,นำเสนอ/ปิดการขาย,ใช้ตอนขายองค์กร,"ถ้าใช้กับทีมของบริษัท… จะประหยัดได้ประมาณ…","ทำให้รู้ว่าเราพูดเฉพาะเขา",
52,โยนคำถามให้ห้อง,เปิดบทสนทนา,ใช้ตอนเวิร์กช็อป,"ก่อนเริ่ม อยากรู้ว่ามีใครเคยเจอเคสนี้ไหมครับ","ทำให้คนมีส่วนร่วม",
53,จบด้วยประโยคบวก,ติดตามงาน,ใช้ทุกสถานการณ์,"ขอบคุณมากครับ คิดว่าน่าจะไปต่อได้ดีเลย","ทิ้งท้ายให้บรรยากาศดี",
54,ยอมรับผิดทันที,ตอบข้อโต้แย้ง/แก้ปัญหา,ใช้ตอนเราพลาดจริง,"รอบนี้เป็นความผิดพลาดของทางเราเอง ต้องขอโทษด้วยครับ เดี๋ยวผมแก้ให้เลย","ยอมรับทำให้เรื่องจบเร็ว",
55,พูดแทนมุมมองเขา,ตอบข้อโต้แย้ง/แก้ปัญหา,ใช้ตอนเขากังวล,"ถ้าผมเป็นพี่ ผมก็คงอยากเห็นตัวอย่างก่อนเหมือนกันครับ","แสดงความเข้าใจ",
56,ถามว่าใครตัดสินใจ,ติดตามงาน,ใช้ตอนเรื่องค้าง,"เรื่องนี้ต้องเรียนใครต่อไหมครับ ผมจะได้เตรียมข้อมูลให้ถูก","หา key person ให้เจอ",
57,เสนอจัดสไลด์ให้,ติดตามงาน,ใช้กับหัวหน้า,"ถ้าต้องนำเสนอผู้บริหาร เดี๋ยวผมจัดสไลด์สั้นๆ ให้ครับ","ช่วยลดงานเขา เขาจะรีบตอบ",
58,ชวนลองใช้จริง,นำเสนอ/ปิดการขาย,ใช้ตอนระบบพร้อมแล้ว,"ถ้าพี่สะดวก เราเปิดให้ทีมทดลองสัก 7 วันก่อนได้เลยครับ","ลองจริงมักตัดสินใจง่าย",
59,ส่งตัวอย่างข้อความให้,ติดตามงาน,ใช้ตอนทำการตลาด,"เดี๋ยวผมส่งข้อความตัวอย่างไปให้ใช้อัปโพสต์ได้เลยครับ","ให้ของพร้อมใช้",
60,เปลี่ยนช่องทางพูด,ตอบข้อโต้แย้ง/แก้ปัญหา,ใช้ตอนแชทอธิบายยาก,"เรื่องนี้อธิบายทางแชทยาว เดี๋ยวผมโทรอธิบายให้สั้นๆ ดีกว่าครับ","เสียงคุมอารมณ์ได้ดีกว่า",
61,เปิดด้วยผลลัพธ์สุดท้าย,นำเสนอ/ปิดการขาย,ใช้ตอนคนฟังเวลาไม่มาก,"พูดสั้นๆ คือสิ่งนี้จะช่วยให้ทีมปิดงานได้เร็วขึ้นครับ รายละเอียดมี 3 ส่วน…","เอาของสำคัญขึ้นก่อน",
62,ให้เขาเลือกหัวข้อ,เปิดบทสนทนา,ใช้ตอนทำเทรนนิ่ง,"วันนี้มี 2 เรื่อง เลือกฟังก่อนก็ได้ครับว่าจะเริ่มเรื่องไหน","ทำให้เขารู้สึกคุมได้",
63,ถามระดับความสำคัญ,ติดตามงาน,ใช้ตอนเรื่องไม่ถูกจัดลำดับ,"เรื่องนี้อยู่ลำดับประมาณไหนครับ จะได้ประเมินเวลาได้","เคารพลำดับงานเขา",
64,บอกสิ่งที่ทำไปแล้ว,ติดตามงาน,ใช้ตอนจะขอเพิ่ม,"ตอนนี้ผมจัดข้อมูลและเทสระบบให้แล้ว เหลือแค่ให้พี่คอนเฟิร์มครับ","แสดงว่าทางเราทำส่วนของเราแล้ว",
65,พูดแบบเพื่อนร่วมทีม,ตอบข้อโต้แย้ง/แก้ปัญหา,ใช้กับเพื่อนร่วมงาน,"ถ้าทำแบบที่หัวหน้าบอก เราจะเสร็จไม่ทัน เลยอยากชวนทำแบบนี้แทน","โทนเดียวกันคุยง่าย",
66,ย้ำว่าแก้ได้,ตอบข้อโต้แย้ง/แก้ปัญหา,ใช้ตอนเขาบ่น,"ปัญหานี้แก้ได้ครับ เดี๋ยวผมไล่ให้ทีละจุด","ให้ความหวังที่ทำได้จริง",
67,ย้ายไปคุย 1-1,ตอบข้อโต้แย้ง/แก้ปัญหา,ใช้ตอนในห้องมีหลายคน,"เดี๋ยวประเด็นนี้ผมคุยกับพี่ส่วนตัวต่อนะครับ จะได้ลงรายละเอียดได้","เลี่ยงการเถียงต่อหน้าคนเยอะ",
68,ตั้งคำถามนำ,นำเสนอ/ปิดการขาย,ใช้ตอนอยากให้เขาคิดตาม,"ถ้าลดเวลางานซ้ำๆ ได้ 30% ทีมพี่คิดว่าจะเอาเวลาไปทำอะไรต่อครับ","คำถามนำทำให้เขาอยากได้เอง",
69,อ้างอิงแนวทางบริษัทใหญ่,นำเสนอ/ปิดการขาย,ใช้ตอนขายองค์กร,"บริษัทใหญ่ๆ ตอนนี้เขาก็ใช้วิธีนี้กัน เพราะมันตรวจสอบง่าย","ทำให้แนวทางเราดูมาตรฐาน",
70,เล่า Step การเริ่ม,ติดตามงาน,ใช้ตอนอีกฝ่ายไม่เริ่มสักที,"ขั้นตอนเริ่มมี 3 ข้อครับ ผมส่งฟอร์มให้ กรอก แล้วเราติดตั้งให้เลย","ทำให้เห็นว่ามันไม่ยาก",
71,ชมทีมเขา,นำเสนอ/ปิดการขาย,ใช้ตอนพรีเซนต์,"จากที่ดูทีมพี่จัดระบบไว้ดีมาก เราเลยต่อยอดได้ง่าย","ชมหาแพลตฟอร์มร่วม",
72,ใช้คำว่า “ลอง”,นำเสนอ/ปิดการขาย,ใช้ตอนเขายังกล้าๆ กลัวๆ,"งั้นลองเริ่มจากทีมเล็กก่อนก็ได้ครับ","คำว่าลองเบากว่าคำว่าใช้",
73,ตั้งกติกาการคุย,เปิดบทสนทนา,ใช้ตอนคุยเรื่องยาก,"ประเด็นนี้อาจมีหลายมุม เดี๋ยวผมเล่าให้ฟังก่อน แล้วค่อยแลกเปลี่ยนกันนะครับ","ตั้งกรอบช่วยลดการแทรก",
74,ขอบคุณที่บอกตรงๆ,ตอบข้อโต้แย้ง/แก้ปัญหา,ใช้ตอนเขาติแรง,"ขอบคุณมากเลยครับที่บอกตรงๆ แบบนี้ จะได้แก้ให้ตรง","รับ feedback แบบบวก",
75,ส่งเอกสารประกอบ,ติดตามงาน,ใช้กับคนละเอียด,"ผมแนบรายละเอียดทั้งหมดไว้ในลิงก์นี้แล้วครับ","ตอบโจทย์คนต้องการข้อมูลมาก",
76,จบด้วยสรุป 3 ข้อ,ทุกหมวด,ใช้ตอนใกล้จบ,"สรุปวันนี้มี 3 อย่างที่ต้องทำต่อคือ…","สรุปให้จำง่าย",
77,พูดถึงความเสี่ยงถ้าไม่ทำ,นำเสนอ/ปิดการขาย,ใช้ตอนเขาเฉยๆ,"ถ้าไม่ทำตอนนี้ อาจต้องใช้เวลาซ้ำแบบนี้ต่อไปอีกหลายเดือนครับ","กระตุ้นให้ลงมือทำ",
78,ถามว่าใครได้รับผลกระทบ,ตอบข้อโต้แย้ง/แก้ปัญหา,ใช้ตอนปัญหากว้าง,"ปัญหานี้กระทบทีมไหนมากสุดครับ จะได้แก้ให้ตรง","หาตัวผู้ได้รับผลกระทบ",
79,ส่งตัวอย่างที่ใกล้เคียง,ติดตามงาน,ใช้ตอนเขายังนึกภาพไม่ออก,"นี่คือตัวอย่างที่ลูกค้ากลุ่มเดียวกับพี่ใช้ครับ","ดูเคสใกล้ตัวเชื่อมโยงได้ง่าย",
80,พูดด้วยน้ำเสียงมั่นใจ,เทคนิคทั่วไป,ใช้ทุกสถานการณ์,"(พูดด้วยโทนมั่นใจ ไม่ลากเสียงลงห้วน)","เสียงมั่นใจก่อนเนื้อหามั่นใจ",
81,เล่าภาพใหญ่ก่อน,นำเสนอ/ปิดการขาย,ใช้ตอนเรื่องซับซ้อน,"ภาพรวมคือเราจะทำให้การอนุมัติงานเร็วขึ้น ส่วนรายละเอียดผมค่อยไล่ทีหลัง","เริ่มจากบนลงล่าง",
82,ใช้คำง่ายแทนศัพท์ต่างประเทศ,นำเสนอ/ปิดการขาย,ใช้กับผู้บริหาร,"พูดง่ายๆ มันคือระบบเก็บข้อมูลกลางครับ","ลดโอกาสคนฟังหลุด",
83,ถามซ้ำเพื่อความชัวร์,ติดตามงาน,ใช้ตอนเขาตอบสั้น,"สรุปว่าขอเลื่อนไปสัปดาห์หน้าใช่ไหมครับ ผมจะได้จดไว้ถูก","กันความเข้าใจคลาดเคลื่อน",
84,ขออนุญาตบันทึก,เปิดบทสนทนา,ใช้ตอนคุยออนไลน์,"ขออนุญาตบันทึกหน้าจอไว้ให้นะครับ เผื่อทีมพี่ดูย้อนหลัง","เพิ่มความโปร",
85,ให้เครดิตทีมเขา,ติดตามงาน,ใช้ตอนขอข้อมูลเพิ่ม,"เพราะทีมพี่เก็บข้อมูลละเอียดอยู่แล้ว ผมเลยอยากขอเพิ่มอีกชุดนึงครับ","ชมแล้วขออะไรจะง่ายขึ้น",
86,ชวนคิดเป็นตัวเงิน,นำเสนอ/ปิดการขาย,ใช้ตอนอยากให้เห็นผล,"ถ้าคิดเป็นต้นทุนต่อเดือนที่ต้องจ่ายอยู่ ตอนนี้…","เงินเป็นภาษาที่ทุกคนเข้าใจ",
87,ตั้งชื่อเทคนิคของเราเอง,นำเสนอ/ปิดการขาย,ใช้ตอนทำคอนเทนต์,"วิธีนี้เราเรียกว่า ‘3 ขั้นปิดดีล’ นะครับ","ตั้งชื่อทำให้จำได้",
88,ย้ำว่าแก้ปัญหาที่เขาพูด,ตอบข้อโต้แย้ง/แก้ปัญหา,ใช้ตอนเขาบอกปัญหามาแล้ว,"เมื่อกี้พี่บอกว่าติดตรงคนใช้ไม่เป็น วิธีนี้จะแก้ตรงนั้นเลยครับ","แสดงว่าเราฟังจริง",
89,ปิดด้วยการนัดครั้งต่อไป,ติดตามงาน,ใช้ทุกสถานการณ์,"งั้นเรานัดอัปเดตกันพุธหน้าช่วงเช้านะครับ","อย่าปล่อยให้จบลอยๆ",
90,บอกว่าพกตัวอย่างมาด้วย,นำเสนอ/ปิดการขาย,ใช้ตอนเจอตัว,"วันนี้ผมพกตัวอย่างหน้าจอมาให้ดูด้วยครับ","ของจริงชนะคำพูด",
91,ให้เขาเล่าปัญหาก่อน,ตอบข้อโต้แย้ง/แก้ปัญหา,ใช้ตอนเขาดูเครียด,"พี่เล่าก่อนเลยครับว่าติดตรงไหน ผมจะได้ไล่แก้ถูกจุด","ให้เขาระบายก่อน",
92,เริ่มจากสิ่งที่เห็นด้วยกัน,ตอบข้อโต้แย้ง/แก้ปัญหา,ใช้ตอนมีความเห็นต่าง,"อันนี้ผมเห็นด้วยเลยครับว่าต้องรีบ แต่ที่ผมเสนอคือ…","เห็นด้วยก่อนแล้วค่อยต่าง",
93,ย้ำว่าปรับได้,นำเสนอ/ปิดการขาย,ใช้ตอนเขากลัวว่าไม่ยืดหยุ่น,"อันนี้ปรับตามขั้นตอนทำงานของทีมพี่ได้ครับ ไม่ได้ตายตัว","ลดแรงต้าน",
94,ใช้คำถามสั้นๆ ระหว่างเล่า,นำเสนอ/ปิดการขาย,ใช้ตอนคนเริ่มเงียบ,"ถึงตรงนี้โอเคไหมครับ","ดึงเขากลับมา",
95,แจ้งข้อจำกัดเวลา,ติดตามงาน,ใช้ตอนโปรโมชันใกล้หมด,"โปรนี้หมดสิ้นเดือนนี้ ผมเลยรีบแจ้งไว้ก่อนครับ","สร้าง urgency แบบสุภาพ",
96,ชวนให้ทีมเขามานั่งด้วย,นำเสนอ/ปิดการขาย,ใช้ตอนคุยคนเดียว,"รอบหน้าถ้าพี่ให้คนที่จะใช้จริงมานั่งด้วย จะได้วัดว่ามันเหมาะไหม","รวมผู้ใช้จริงตั้งแต่แรก",
97,บอกว่าจะดูแลหลังขาย,ตอบข้อโต้แย้ง/แก้ปัญหา,ใช้ตอนเขากลัวใช้ไม่เป็น,"หลังติดตั้งแล้วมีแชทซัพพอร์ตให้เลยครับ ไม่ต้องกังวล","ลดความกลัวหลังซื้อ",
98,สรุปผลตอบแทนเร็ว,นำเสนอ/ปิดการขาย,ใช้ตอนคุยผู้บริหาร,"ถ้าเริ่มเดือนนี้ คาดว่าจะเห็นผลในไตรมาสหน้า","ผู้บริหารอยากรู้ว่าเมื่อไหร่เห็นผล",
99,ปิดด้วยคำขอบคุณเฉพาะเจาะจง,ทุกหมวด,ใช้ตอนจบคุย,"ขอบคุณที่เล่า requirement ละเอียดมากครับ ทำให้ผมเสนอได้ตรงเลย","ขอบคุณให้ตรงกับสิ่งที่เขาทำ",
100,ชวนแชร์ต่อในทีม,ติดตามงาน,ใช้ตอนอยากให้ขยาย,"ถ้าพี่ว่าโอเค เดี๋ยวผมทำเวอร์ชันย่อให้พี่ส่งต่อในทีมได้เลยครับ","ช่วยให้เรื่องไม่หยุดที่คนเดียว",
101,เปิดด้วยความคืบหน้า,ติดตามงาน,ใช้ตอนแจ้งรอบสอง,"ตอนนี้งานส่วนแรกเสร็จแล้วครับ เหลือแค่ให้พี่เช็กตรงนี้","เริ่มด้วยข่าวดีทำให้เขาอยากฟังต่อ",
102,พูดให้รู้ว่าเตรียมมา,เปิดบทสนทนา,ใช้ตอนคุยผู้ใหญ่,"วันนี้ผมเตรียมข้อมูลมา 2 ชุดครับ ทั้งตัวเลขและตัวอย่าง","บอกให้เขารู้ว่าไม่ได้มามือเปล่า",
103,เทคนิคสะท้อนคำ,ตอบข้อโต้แย้ง/แก้ปัญหา,ใช้ตอนเขาบ่น,"ที่พี่ว่าใช้งานยากตรงเมนู ผมขอไล่ให้ดูนะครับ","สะท้อนก่อนแล้วค่อยอธิบาย",
104,ชวนดูจอด้วยกัน,นำเสนอ/ปิดการขาย,ใช้ตอนออนไลน์,"ให้ผมแชร์หน้าจอนะครับ จะได้เห็นขั้นตอนจริงๆ","ดึงโฟกัสเขาให้มาที่เรา",
105,ย้ำว่าปรับภาษาได้,นำเสนอ/ปิดการขาย,ใช้ตอนขายคอนเทนต์,"เนื้อหาตรงนี้ปรับเป็นโทนบริษัทพี่ได้เลยครับ","ทำให้ไม่กลัวว่าใช้ไม่ได้จริง",
106,ถามหาเป้าหมายปีนี้,เปิดบทสนทนา,ใช้ตอนเข้าธุรกิจ,"ปีนี้ทีมพี่โฟกัสเรื่องไหนมากสุดครับ","รู้เป้าหมายจะพูดให้ตรงได้",
107,ต่อยอดจากสิ่งที่เขาทำอยู่แล้ว,นำเสนอ/ปิดการขาย,ใช้ตอนเขามีระบบเดิม,"ของพี่ทำไว้ดีแล้ว เราเลยจะเข้าไปช่วยต่อจุด…","ไม่ทำให้เขารู้สึกโดนวิจารณ์",
108,ปัดข้อจำกัดไปท้ายคุย,ตอบข้อโต้แย้ง/แก้ปัญหา,ใช้ตอนมีเงื่อนไข,"เรื่องสัญญาผมขอไว้ท้ายสุดนะครับ เดี๋ยวเล่าหลักการก่อน","กันไม่ให้เขาติดตั้งแต่แรก",
109,เปิดประเด็นจากข่าวหรือเทรนด์,เปิดบทสนทนา,ใช้ตอนเริ่มยาก,"ช่วงนี้หลายธุรกิจหันมาใช้ระบบนี้กันเยอะ เลยอยากชวนพี่ดูด้วย","อ้างอิงเทรนด์ช่วยเริ่มคุยได้",
110,ใช้คำว่าเราร่วมกัน,ติดตามงาน,ใช้กับคนในองค์กร,"เดี๋ยวผมร่างไว้ก่อน แล้วเรามาเช็กด้วยกันนะครับ","ทำให้รู้สึกไม่โดนสั่ง",
111,อธิบายด้วยแผนที่ความคิด,นำเสนอ/ปิดการขาย,ใช้ตอนเรื่องซับซ้อน,"โครงนี้เราคิดเป็น 3 กิ่งครับ ผมวาดให้ดูเลย","ภาพช่วยให้เข้าใจเร็ว",
112,ย้ำความปลอดภัย,ตอบข้อโต้แย้ง/แก้ปัญหา,ใช้ตอนเขากลัวเรื่องข้อมูล,"ข้อมูลจะอยู่ในสิทธิ์ขององค์กรพี่เท่านั้นครับ","ลดความกลัวเรื่อง data",
113,ใช้ประโยค “ลองคิดแบบนี้”,ตอบข้อโต้แย้ง/แก้ปัญหา,ใช้ตอนเขายึดมุมเดิม,"ลองคิดแบบนี้นะครับ ถ้าเราย่นเวลาส่งงานได้ 1 วัน…","ชวนคิดไม่ใช่บังคับคิด",
114,ถามก่อนว่าเคยใช้ของไหน,เปิดบทสนทนา,ใช้ตอนเสนอระบบ,"ตอนนี้ใช้เจ้าไหนอยู่ครับ จะได้เทียบให้เห็นภาพ","รู้พื้นฐานก่อนเสนอ",
115,ปิดการคุยด้วย to-do,ติดตามงาน,ใช้ตอนคุยจบ,"สรุปผมทำข้อ 1-2 แล้วพี่ช่วยคอนเฟิร์มข้อ 3 นะครับ","ทุกคนรู้หน้าที่ตัวเอง",
116,ส่งลิงก์ช่วยจำ,ติดตามงาน,ใช้ตอนเขายุ่ง,"ผมส่งลิงก์ไว้ให้เผื่อเปิดดูย้อนหลังได้ครับ","ลดภาระจำของเขา",
117,ชมการทำงานเป็นทีม,นำเสนอ/ปิดการขาย,ใช้ตอนมีหลายคน,"เห็นเลยว่าทีมพี่ประสานงานกันดีมากครับ เลยจะยิ่งใช้ของเราได้เร็ว","ชมห้องรวม",
118,พูดให้เห็นภาพอนาคต,นำเสนอ/ปิดการขาย,ใช้ตอนอยากให้ตัดสินใจ,"อีก 3 เดือนทีมพี่จะไม่ได้เจอปัญหานี้แล้วครับ ถ้าเริ่มวันนี้","ภาพอนาคตช่วยดึงไปข้างหน้า",
119,เทคนิค “แล้วถ้า”,ตอบข้อโต้แย้ง/แก้ปัญหา,ใช้ตอนเขากลัว,"แล้วถ้าเราเริ่มจากทีมเล็กก่อน พี่จะโอเคขึ้นไหมครับ","ใส่เงื่อนไขเบาๆ ให้เขาตอบรับง่าย",
120,ใช้เสียงเงียบ 1 วิ,เทคนิคทั่วไป,ใช้ตอนเน้น,"…ประเด็นนี้สำคัญมากครับ","ความเงียบทำให้คำถัดไปดังขึ้น",
121,ถามว่าใครจะเป็นคนใช้จริง,นำเสนอ/ปิดการขาย,ใช้ตอนขายระบบ,"ระบบนี้คนใช้จริงจะเป็นฝ่ายไหนครับ ผมจะได้อธิบายให้ตรง","จับ user ให้เจอ",
122,เสนอ workshop ให้,ติดตามงาน,ใช้ตอนเขายังไม่มั่นใจ,"งั้นเดี๋ยวผมจัดเวิร์กช็อปให้ทีมพี่ทดลองใช้เลยก็ได้ครับ","ให้ประสบการณ์ตรง",
123,ตั้งเป้าร่วมระหว่างคุย,เปิดบทสนทนา,ใช้ตอนคุยปัญหา,"งั้นเราตั้งเป้าว่าวันนี้ต้องได้วิธีแก้อย่างน้อย 1 วิธีนะครับ","กรอบทำให้คุยไม่หลุด",
124,เทคนิค “จริงๆ แล้วมันง่าย”,ตอบข้อโต้แย้ง/แก้ปัญหา,ใช้ตอนเขาบอกว่ายุ่งยาก,"จริงๆ แล้วมันง่ายครับ มีแค่ 3 ขั้นตอน ผมไล่ให้ดู","เบรกความยากในหัวเขา",
125,ขอเวลานำเสนอเพิ่ม,นำเสนอ/ปิดการขาย,ใช้ตอนเขาจะตัดบท,"ขอเพิ่มอีกนิดเดียวครับ ส่วนนี้จะเป็นตัวที่ทำให้คุ้มขึ้น","ขอพื้นที่เพื่อขายส่วนสำคัญ",
126,บอกว่าเทียบมาแล้ว,นำเสนอ/ปิดการขาย,ใช้ตอนเขาเทียบเจ้าอื่น,"เราลองเทียบ 3 เจ้าแล้ว จุดที่เราดีกว่าคือ…","แสดงว่าเราไม่ได้มโนเอง",
127,ใช้คำว่า “สั้นๆ”,เปิดบทสนทนา,ใช้ตอนอีกฝ่ายรีบ,"ผมอธิบายสั้นๆ แบบไม่เทคนิคนะครับ","ทำให้เขายอมฟัง",
128,ถามว่าใครเป็นผู้อนุมัติสุดท้าย,ติดตามงาน,ใช้ตอนเรื่องไม่เดิน,"เคสนี้ต้องผ่าน CFO ไหมครับ จะได้เตรียมไฟล์ไว้ให้","กันตกหล่นตอนอนุมัติ",
129,เสริมด้วยตัวอย่างในไทย,นำเสนอ/ปิดการขาย,ใช้ตอนลูกค้าไทย,"ลูกค้าคนไทยที่ใช้เราอยู่ เช่น…","ใกล้ตัวเลยเชื่อเร็ว",
130,เสนอทำเอกสารให้เซ็น,ติดตามงาน,ใช้ตอนเขาไม่มีเวลา,"เดี๋ยวผมร่างเอกสารให้เลยครับ พี่แค่เช็กกับเซ็น","ลดงานอีกฝ่าย",
131,ใช้คำว่า “โอกาส”,นำเสนอ/ปิดการขาย,ใช้ตอนขายไอเดีย,"อันนี้เป็นโอกาสดีมากที่ทีมพี่จะ…","คำบวกดึงความสนใจ",
132,ย้ำว่าเรารองรับโตในอนาคต,ตอบข้อโต้แย้ง/แก้ปัญหา,ใช้ตอนเขากลัวโตแล้วใช้ไม่ได้,"โตเป็นสิบทีมก็รองรับได้ครับ เพราะเราออกแบบไว้แล้ว","กันการปฏิเสธล่วงหน้า",
133,ถามความคาดหวัง,เปิดบทสนทนา,ใช้ตอนเริ่มโปรเจกต์,"รอบนี้พี่คาดหวังผลลัพธ์แบบไหนไว้บ้างครับ","จะได้วัดว่าตรงไหม",
134,เทคนิค “ให้ผมลองจัดให้ดูนะครับ”,ตอบข้อโต้แย้ง/แก้ปัญหา,ใช้ตอนเขาไม่กล้าตัดสินใจ,"งั้นให้ผมจัดตัวอย่างให้ดูก่อนนะครับ แล้วค่อยตัดสินใจ","ลดความเสี่ยงให้เขา",
135,บอกว่าเรามีทีม support,ตอบข้อโต้แย้ง/แก้ปัญหา,ใช้ตอนกลัวใช้ไม่เป็น,"มีทีมดูแลหลังบ้านให้ตลอดครับ","สร้างความสบายใจ",
136,อธิบายด้วยไทม์ไลน์,นำเสนอ/ปิดการขาย,ใช้ตอนอยากให้เห็นลำดับ,"สัปดาห์แรกเราทำ A สัปดาห์สองทำ B แล้วปลายเดือนใช้ได้เลย","ภาพเวลาเข้าใจง่าย",
137,เลี่ยงคำว่า “ต้อง”,เทคนิคทั่วไป,ใช้ทุกสถานการณ์,"เราลองทำแบบนี้ดูก่อนไหมครับ","ฟังไม่แข็ง",
138,พูดว่าพี่ทำถูกแล้ว,ตอบข้อโต้แย้ง/แก้ปัญหา,ใช้ตอนเขาสงสัย,"จริงๆ ที่พี่ทำอยู่ก็ดีแล้วครับ ผมมีอีกวิธีที่ทำให้เร็วขึ้นเฉยๆ","ยืนยันก่อนเสนอเพิ่ม",
139,ใช้คำว่า “ขออัปเดต”,ติดตามงาน,ใช้ตอนส่งซ้ำ,"ขออัปเดตประเด็นเมื่อวานนี้ครับ…","สุภาพกว่า “ตามเรื่อง”",
140,ชวนสรุปร่วมกัน,ติดตามงาน,ใช้ตอนหลายฝ่าย,"เดี๋ยวเราสรุปเป็น 1 หน้า แล้วส่งให้ทุกคนเห็นเหมือนกันนะครับ","กันหลงประเด็น",
141,ขออัดวิดีโอสั้นๆ ส่งให้,ติดตามงาน,ใช้ตอนอธิบายยาก,"ผมอัดวิดีโอสั้นๆ ไว้ให้ดูนะครับ ไม่ถึงนาที","บางคนชอบดูมากกว่าอ่าน",
142,เทคนิค “เคสนี้เจอบ่อย”,ตอบข้อโต้แย้ง/แก้ปัญหา,ใช้ตอนเขากังวล,"เคสนี้ลูกค้าหลายคนก็เจอครับ วิธีแก้คือ…","ทำให้เขาไม่รู้สึกแปลก",
143,บอกว่าราคายืดหยุ่นได้,ตอบข้อโต้แย้ง/แก้ปัญหา,ใช้ตอนติดงบ,"งบนี้เราปรับรูปแบบให้เข้ากันได้ครับ","ปิดประตูปฏิเสธเรื่องราคา",
144,ตั้งชื่อโปรเจกต์ให้เท่,นำเสนอ/ปิดการขาย,ใช้ตอนขายไอเดียในองค์กร,"เราเรียกโปรเจกต์นี้ว่า ‘Smart Ops 2026’ ครับ","ชื่อเท่ทำให้คนจำ",
145,ใช้คำว่า “เล่าให้ฟังเร็วๆ”,เปิดบทสนทนา,ใช้ตอนคนฟังไม่รู้เรื่องเลย,"เดี๋ยวผมเล่าให้ฟังเร็วๆ ว่ามันทำอะไรได้บ้าง","ลดระยะห่างความรู้",
146,ถามว่าเคยเจอปัญหาแบบนี้ไหม,เปิดบทสนทนา,ใช้ตอนขาย solution,"เคยเจอไหมครับที่ระบบเก่ามันโหลดช้าแล้วทีมบ่น","ดึงให้เขายอมรับปัญหา",
147,เตือนล่วงหน้าว่ามีศัพท์,นำเสนอ/ปิดการขาย,ใช้ตอนต้องใช้คำเทคนิค,"ส่วนนี้มีศัพท์เทคนิคหน่อย ผมจะอธิบายทีละคำครับ","กันเขาหลุดตอนฟัง",
148,ให้เลือกวิธีรับข้อมูล,ติดตามงาน,ใช้ตอนส่งของ,"จะเอาเป็นไฟล์ excel หรือ pdf ดีครับ","คนละแบบคนละสไตล์",
149,อ้างอิงหน้าที่เขา,นำเสนอ/ปิดการขาย,ใช้ตอนคุยกับหัวหน้า,"ในมุมคนดูแลงานทั้งหมดแบบพี่ อันนี้จะช่วยเซฟเวลามาก","พูดให้ตรงบทบาท",
150,ปิดช่วงแรกด้วยคำถาม,นำเสนอ/ปิดการขาย,ใช้ตอนเล่าจบเซกชัน,"ถึงตรงนี้มีข้อสงสัยไหมครับ จะได้ตอบก่อน","กันคำถามมารวมท้ายเดียว",
151,ขอสิทธิ์ลองใน sandbox,ติดตามงาน,ใช้ตอนระบบจริงแตะยาก,"ถ้ายังเข้าระบบจริงไม่ได้ เดี๋ยวผมลองใน sandbox ให้ดูก่อนได้ครับ","ลดความกังวลด้านระบบ",
152,ใช้คำว่า “เราจะดูให้ทั้งหมด”,ตอบข้อโต้แย้ง/แก้ปัญหา,ใช้ตอนเขากลัวงานเยอะ,"ส่วนเชื่อมต่อเดี๋ยวทีมเราดูให้ทั้งหมดครับ","ทำให้เขาไม่รู้สึกแบก",
153,เสนอทำ cheat sheet,ติดตามงาน,ใช้ตอนทีมเขาใหม่,"เดี๋ยวผมทำ cheat sheet ให้ทีมไว้ดูเวลาใช้งานครับ","ของสั้นๆ ใช้ง่าย",
154,บอกว่ามี roadmap,ตอบข้อโต้แย้ง/แก้ปัญหา,ใช้ตอนฟีเจอร์ยังไม่มา,"ฟีเจอร์นี้อยู่ใน roadmap ไตรมาสหน้าแล้วครับ","แสดงว่ามีแผน ไม่ได้เมิน",
155,ย้ำว่าเริ่มเล็กได้,นำเสนอ/ปิดการขาย,ใช้ตอนเขากลัวลงแรงมาก,"เริ่มเล็กๆ ก่อนก็ได้ครับ ไม่ต้องโยกทั้งระบบ","เบากว่าเริ่มใหญ่",
156,ใช้กฎ 1 นาทีแรก,เปิดบทสนทนา,ใช้ตอนคอล,"1 นาทีแรกผมจะเล่าให้ครบเลยครับ แล้วค่อยลงลึก","บอกก่อนทำให้เขาโฟกัส",
157,เทคนิค “ผมลองมองแบบนี้”,ตอบข้อโต้แย้ง/แก้ปัญหา,ใช้ตอนคิดต่าง,"ผมลองมองแบบนี้นะครับ …","นุ่มกว่าคำว่า “จริงๆ ต้อง…”",
158,ส่งตัวเลขยืนยันภายหลัง,ติดตามงาน,ใช้ตอนยังไม่มีข้อมูล,"ตัวเลขผมยังดึงไม่ครบ เดี๋ยวผมส่งตามให้บ่ายนี้ครับ","ไม่ให้คุยสะดุด",
159,ถามว่าอยากฟังลึกแค่ไหน,นำเสนอ/ปิดการขาย,ใช้ตอนคนฟังต่างระดับ,"อยากให้ผมเล่าเชิงเทคนิคด้วยไหมครับ หรือเอาภาพรวมพอ","คุมความยาวได้",
160,ใช้คำว่า “อัปเดตสั้นๆ”,ติดตามงาน,ใช้ตอนเขายุ่ง,"ผมขออัปเดตสั้นๆ 2 เรื่องครับ","เบากว่า “มีเรื่องให้ทำ”",
161,เล่าความเสี่ยงที่เราแก้ให้,นำเสนอ/ปิดการขาย,ใช้ตอนองค์กรใหญ่,"เราจะช่วยลดความเสี่ยงเรื่องข้อมูลกระจายครับ","องค์กรใหญ่ชอบเรื่อง risk",
162,อธิบายด้วยกรณี best/worst,ตอบข้อโต้แย้ง/แก้ปัญหา,ใช้ตอนเขากลัวสุดโต่ง,"กรณีดีที่สุดจะเป็นแบบนี้ กรณีแย่สุดเรายังเซฟได้ที่…","ทำให้เขาเห็นขอบเขต",
163,พูดถึงงานที่เราเคยทำคล้ายกัน,นำเสนอ/ปิดการขาย,ใช้ตอนเขายังไม่มั่นใจ,"เราเคยทำให้บริษัทในกลุ่มเดียวกับพี่แล้วครับ","ผลงานเก่าช่วยสร้างเครดิต",
164,ย้ำว่าคุยได้ตลอด,ติดตามงาน,ใช้ตอนจบคุย,"ถ้ามีอะไรเพิ่มทักผมได้ตลอดเลยครับ","ให้ช่องทางไม่ให้เรื่องค้าง",
165,ใช้คำว่า “ง่ายกว่าเดิมเยอะ”,นำเสนอ/ปิดการขาย,ใช้ตอนขายปรับปรุงระบบ,"วิธีใหม่จะง่ายกว่าเดิมเยอะเลยครับ","คำนี้ทำให้เขาอยากลอง",
166,เตือนสิ่งที่ต้องเตรียม,ติดตามงาน,ใช้ตอนใกล้เริ่ม,"พรุ่งนี้ถ้าพี่เตรียมไฟล์รายชื่อมา เราจะเริ่มได้เลย","ช่วยเขาจำ",
167,ถามว่าใครใช้งานต่อ,ติดตามงาน,ใช้ตอนจะส่งมอบ,"เดี๋ยวงานนี้จะวิ่งไปอยู่ที่ใครต่อครับ ผมจะได้อธิบายให้เขาด้วย","กันหล่นกลางทาง",
168,ใช้คำว่า “เผื่อพี่ตัดสินใจง่ายขึ้น”,นำเสนอ/ปิดการขาย,ใช้ตอนยื่นตัวเลือก,"ผมทำมา 2 แบบเผื่อพี่ตัดสินใจง่ายขึ้นครับ","แสดงความตั้งใจช่วย",
169,เสนอทำ version ภาษาไทย,ตอบข้อโต้แย้ง/แก้ปัญหา,ใช้ตอนคนใช้ไม่เก่งอังกฤษ,"ส่วนคู่มือเดี๋ยวผมจัดเวอร์ชันไทยให้ครับ","ลดอุปสรรคผู้ใช้",
170,ย้ำว่าระบบไม่ผูกมัด,ตอบข้อโต้แย้ง/แก้ปัญหา,ใช้ตอนเขากลัวติดสัญญา,"เริ่มแบบไม่ผูกมัดยาวก็ได้ครับ","ทำให้กล้าลอง",
171,ถามว่าทีมเจอ pain point ไหนสุด,เปิดบทสนทนา,ใช้ตอนเข้าองค์กร,"ตอนนี้ทีมเจอจุดไหนเหนื่อยสุดครับ","จะได้พูดให้โดน",
172,ใช้กราฟิกอธิบาย,นำเสนอ/ปิดการขาย,ใช้ตอนเจอหลายแผนก,"ผมมีภาพ flow ให้ดูครับ จะได้เห็นว่ามันวิ่งยังไง","ภาพรวมใน 10 วินาที",
173,ย้ำว่าเราช่วยคิดให้,ติดตามงาน,ใช้ตอนเขาไม่เก่งเทคนิค,"ส่วนออกแบบเดี๋ยวทีมผมคิดให้ครับ พี่แค่บอก requirement","ย้ายงานหนักมาที่เรา",
174,บอกว่าใช้เวลาฝึกไม่นาน,ตอบข้อโต้แย้ง/แก้ปัญหา,ใช้ตอนเขากลัวเรียนรู้,"ทีมใช้งานเป็นภายใน 1-2 ชั่วโมงครับ","ลดความกลัวเรียนรู้",
175,ปิดด้วยคำว่า “โอเคไหมครับ”,นำเสนอ/ปิดการขาย,ใช้ตอนเล่าจบ,"ถึงตรงนี้โอเคไหมครับ","เปิดช่องให้ถาม",
176,ขอให้เขาอธิบายต่อในที่ประชุม,เปิดบทสนทนา,ใช้ตอนมีผู้เกี่ยวข้องหลายคน,"เดี๋ยวช่วงนี้ให้พี่เล่าในมุมงานหน่อยนะครับ","ให้ห้องมีส่วนร่วม",
177,ถามว่าต้องรายงานใคร,ติดตามงาน,ใช้ตอนต้องทำเอกสาร,"ต้องรายงานผู้บริหารท่านไหนไหมครับ ผมจะได้จัดฟอร์แมตให้ตรง","กันแก้หลายรอบ",
178,เทคนิค “ให้ตัวเลือกดี-ดีกว่า”,นำเสนอ/ปิดการขาย,ใช้ตอนขายแพ็ก,"แพ็กมาตรฐานได้ A B C ถ้าเพิ่มอีกนิดได้รายงานสดด้วยครับ","ทั้งคู่คือทางเลือกดี",
179,ย้ำว่ามี training ให้,ตอบข้อโต้แย้ง/แก้ปัญหา,ใช้ตอนเขากลัวคนใช้ไม่เป็น,"มี session training ให้ทีมพี่เลยครับ","ลดการปฏิเสธแบบ “คนไม่พร้อม”",
180,ใช้คำว่า “ปลอดภัยกว่าเดิม”,นำเสนอ/ปิดการขาย,ใช้ตอนขายระบบหลังบ้าน,"วิธีนี้ปลอดภัยกว่าเดิม เพราะ log ทุกอย่างไว้","คำว่าปลอดภัยขายง่าย",
181,สรุปด้วย bullet,ติดตามงาน,ใช้ตอนส่งแชท,"สรุปสั้นๆ
- ส่งไฟล์
- พี่คอนเฟิร์ม
- เราติดตั้ง","อ่านง่ายกว่าเป็นพารากราฟ",
182,อ้างอิง KPI,นำเสนอ/ปิดการขาย,ใช้ตอนเขายึดตัวเลข,"ตัวนี้จะช่วยให้ KPI ด้านเวลา/คุณภาพดีขึ้นครับ","พูดภาษาที่เขาถูกวัด",
183,ถามว่าอยากเริ่มเมื่อไหร่,ติดตามงาน,ใช้ตอนเรื่องยืด,"พี่อยากเริ่มประมาณเดือนไหนครับ ผมจะได้วาง timeline ให้","ดึงให้เขา commit เวลา",
184,ใช้คำว่า “ลองเทสกับเคสจริง”,นำเสนอ/ปิดการขาย,ใช้ตอนเขายังไม่เชื่อ,"เดี๋ยวลองเทสกับเคสจริงของพี่เลยก็ได้ครับ","ของเขาเองน่าเชื่อสุด",
185,บอกว่าเราดูแล rollout ให้,ตอบข้อโต้แย้ง/แก้ปัญหา,ใช้ตอนองค์กรใหญ่,"ตอนปล่อยให้ทุกสาขา เดี๋ยวทีมเราดูให้ครับ","เขาจะไม่รู้สึกหนัก",
186,ชวนคุยเรื่องงบแบบเปิด,ตอบข้อโต้แย้ง/แก้ปัญหา,ใช้ตอนติดราคา,"งบประมาณที่พี่ตั้งไว้ประมาณเท่าไหร่ครับ ผมจะได้จัดให้พอดี","ให้เขาพูดตัวเลขก่อน",
187,เทคนิค “ผมเข้าใจที่พี่กลัวเลย”,ตอบข้อโต้แย้ง/แก้ปัญหา,ใช้ตอนเขาพูดแรง,"ผมเข้าใจที่พี่กลัวเลยครับ เพราะหลายทีมก็กลัวจุดนี้","ลดอารมณ์ก่อนเสนอ",
188,แยกข้อที่ต้องอนุมัติ,ติดตามงาน,ใช้ตอนเอกสารเยอะ,"ข้อไหนต้องอนุมัติเป็นพิเศษบอกผมได้เลยครับ ผมทำแยกให้","ให้เขาเห็นว่าเราจัดการได้",
189,บอกว่าทดแทนของเดิมได้,นำเสนอ/ปิดการขาย,ใช้ตอนเขาอยากตัดระบบเก่า,"อันนี้ทดแทนของเดิมได้เลยครับ แล้วเพิ่มรายงานให้ด้วย","ขายแทนที่ + เพิ่มค่า",
190,ย้ำว่าลดงานซ้ำซ้อน,นำเสนอ/ปิดการขาย,ใช้ตอนขาย workflow,"หลักๆ มันจะลดงานซ้ำๆ ของทีมพี่ครับ","ประโยคที่คนทำงานชอบ",
191,ขอรีวิวหลังใช้งาน,ติดตามงาน,ใช้ตอนเขาเริ่มใช้แล้ว,"ถ้าใช้แล้วโอเค ผมขอ feedback นิดนึงนะครับ จะได้ปรับต่อ","ได้ทั้งข้อมูลและความสัมพันธ์",
192,ใช้คำว่า “เดี๋ยวผมทำให้ดูเลย”,ตอบข้อโต้แย้ง/แก้ปัญหา,ใช้ตอนเขาไม่เก็ท,"เดี๋ยวผมทำให้ดูเลยครับ 1 นาทีจบ","การกระทำอธิบายได้ดีกว่าพูด",
193,บอกว่าฝั่งเรา approve แล้ว,ติดตามงาน,ใช้ตอนรอเขา,"ฝั่งผม approve ทั้งหมดแล้ว เหลือแค่ฝั่งพี่คอนเฟิร์มครับ","โยนบอลไปฝั่งเขาแบบสุภาพ",
194,ใช้ตัวอย่างจากอุตสาหกรรมใกล้เคียง,นำเสนอ/ปิดการขาย,ใช้ตอนเขาบอกว่าไม่ตรง,"อุตสาหกรรมใกล้กันอย่าง… ก็ใช้แบบนี้ครับ","ทำให้เขาเห็นว่าใช้ได้",
195,ถามว่าอยากให้เราช่วยส่วนไหนเพิ่ม,ติดตามงาน,ใช้ตอนเขายังเฉย,"มีส่วนไหนอยากให้ผมช่วยเพิ่มไหมครับ","เปิดทางให้เขาพูด pain เพิ่ม",
196,บอกว่าเราติดตามให้เอง,ติดตามงาน,ใช้ตอนหลายฝ่าย,"เดี๋ยวผมตามกับทีมเทคนิคให้เอง แล้วแจ้งพี่อีกทีครับ","เขาไม่ต้องวิ่งหลายที่",
197,เทคนิค “สรุปเป็นภาษาง่ายๆ”,ตอบข้อโต้แย้ง/แก้ปัญหา,ใช้ตอนเขางง,"สรุปเป็นภาษาง่ายๆ ก็คือ…","ดึงเขากลับมาที่เรา",
198,ย้ำว่าเรา flexible,ตอบข้อโต้แย้ง/แก้ปัญหา,ใช้ตอนเขากลัวเปลี่ยนแปลง,"ฝั่งเรายืดหยุ่นได้ครับ ถ้าทีมพี่มีวิธีทำอยู่แล้วเราตามให้","คำว่า flexible ทำให้คนกล้าคุย",
199,ปิดด้วย next step และเวลา,ติดตามงาน,ใช้ทุกสถานการณ์,"เดี๋ยวผมส่งไฟล์วันนี้ แล้วพี่เช็กพรุ่งนี้เช้า เราคุยกันบ่ายนะครับ","ทุกอย่างมีเวลา",
200,ชวนทำ version สำหรับผู้บริหาร,นำเสนอ/ปิดการขาย,ใช้ตอนต้องส่งต่อ,"เดี๋ยวผมทำเวอร์ชันย่อ 1 หน้าให้พี่เอาไปเล่าให้ผู้บริหารได้เลยครับ","ช่วยให้ดีลไม่ตกล่าสุด",
